,id,lang
0,145525983,en
1,958088669373648896,en
2,245602133,en
3,1887435572,en
4,1523737628679581699,en
5,48370163,en
6,2440093922,en
7,715276822489997312,en
9,16403723,en
10,14209256,en
11,795829700421513216,en
12,17531651,en
13,3190262468,en
14,825843575573274624,en
15,8940342,en
16,386896337,en
17,590735039,en
18,22560652,en
19,259374216,en
20,705669136,en
21,337737444,en
22,1404249308178812929,en
23,382314245,en
26,1490809853798981633,en
27,1458755052995104769,en
28,2174828818,en
29,20832236,en
30,30261067,en
31,800942537083068416,en
32,1039281379094278146,en
34,1382908491216601091,en
35,176831580,en
36,94334419,en
37,242374336,en
38,3586469713,en
39,582873149,en
40,1260218638629507072,en
41,2824991076,en
43,14923847,en
44,753283456012910592,en
45,1918976288,en
46,2998828049,en
50,18810464,en
51,1458518137884876800,en
52,1520736655229042689,en
53,1285373173320634368,en
54,2367556213,en
55,863313000714956800,en
56,88558972,en
57,285587259,en
58,1346548053759561728,en
59,1025780552417378306,en
60,1311107500096155651,en
61,3403327349,en
62,844608034525478912,en
63,632585356,en
64,1160184193541988353,en
65,90406866,en
66,1127995728813547520,en
67,767788995962998784,en
69,2914950562,en
70,1273659991560523778,en
71,782208748282675200,en
72,1519810681054375936,en
73,489756858,en
74,23246647,en
75,1097149243,en
76,573255325,en
77,1134345477317701632,en
79,887827510519640064,en
80,1294190567992090625,en
81,872736492,en
83,1478909176596291594,en
84,1238248543451779073,en
85,17028405,en
86,1259841252,en
87,1095929041,en
88,398697070,en
89,64115649,en
90,1523687050519597058,en
91,109337812,en
92,1274485502758940673,en
93,1215623670,en
94,1451293964464701442,en
95,798762390,en
96,803687773,en
97,14139469,en
98,2836565937,en
99,1523627175668326400,en
100,847491998508474370,en
101,2908641807,en
102,1518707424626061312,en
103,1221891908,en
104,1235718324,en
105,1512129630249136135,en
106,570138090,en
107,23813887,en
108,1347586062382600199,en
109,1909644289,en
111,1519403416027643909,en
112,293048332,en
113,604370913,en
114,44175599,en
115,1176474920538300417,en
116,909256511888560128,en
117,2985367511,en
118,28168130,en
119,1011970623470489601,en
120,909600348729462784,en
121,17376893,en
122,66050432,en
123,3045109407,en
124,629535907,en
125,1485946845146796036,en
126,1088797242356572160,en
127,2811558569,en
128,3839,en
129,1325272935687479297,en
130,106690902,en
131,1225567802414837760,en
132,2916243165,en
133,1351334632361324547,en
134,517820893,en
135,1267163752790552576,en
136,43369337,en
137,1478860046012493829,en
138,1518696437839802369,en
139,360737087,en
140,290765127,en
141,1356883099,en
142,615185696,en
143,178849882,en
144,1491064333777973254,en
145,18680024,en
148,279358548,en
149,1883984588,en
150,465713768,en
151,1497566478132031539,en
152,545659923,en
153,1508674326148620297,en
154,4746728178,en
155,475474955,en
156,466303565,en
157,2793262198,en
158,1144450981070946304,en
159,855356208965746688,en
160,1516787764301164550,en
161,636791961,en
162,456034260,en
163,1521185241989328897,en
164,1496855619462041601,en
166,1304413129464451073,en
167,365525724,en
168,1276469083429457920,en
169,1519116638913769480,en
170,2488541,en
171,2780865228,en
172,463373373,en
173,24017980,en
174,15764571,en
175,1398621792990756869,en
176,17392805,en
177,1319050713465409536,en
179,1441415444112592897,en
180,1312261130404782081,en
181,1519313523649568768,en
182,228908097,en
183,1464541876585959426,en
184,1320936572,en
185,86141342,en
186,1083803241626820609,en
188,1432891281944940544,en
189,1217072335,en
190,843433646962999296,en
191,552788779,en
192,110916514,en
193,53521379,en
194,785516514367508480,en
195,113734460,en
196,12011422,en
197,1486764450153701382,en
198,1305265926540079104,en
199,938221924123103232,en
201,1480491259726901253,en
203,1460271957090488329,en
204,2468493008,en
205,938609263458635776,en
206,621501666,en
207,1237790695622148096,en
208,159648728,en
209,1295803883642474496,en
210,434237724,en
211,3125383689,en
212,64294556,en
213,1216558925660729344,en
214,21908111,en
215,700883031238844416,en
216,1323289868873703424,en
217,1307709357136711680,en
218,126134277,en
219,1276505113415127040,en
220,470762287,en
221,1290203400,en
222,787694850183278592,en
223,374651262,en
224,135594042,en
225,1444055799425347584,en
226,18300968,en
228,1347519903390179328,en
229,55235304,en
230,469035582,en
231,66732694,en
232,1138904250229149696,en
233,36003748,en
234,1514284721634791438,en
235,488882605,en
236,276557973,en
237,1330946768410869760,en
238,296052524,en
239,2571659857,en
240,1425210656291176448,en
241,752461108208758784,en
242,1519043458819710976,en
243,1426281559733063680,en
244,2771704583,en
245,3100677092,en
246,213451563,en
247,2314945207,en
248,854313612915097600,en
249,155592800,en
250,184440525,en
251,589751856,en
252,20599079,en
253,368070942,en
254,302039432,en
255,62086811,en
256,1519755379839709186,en
257,2619148919,en
258,1372235619057995779,en
259,2225515496,en
260,1310453678206103552,en
261,2648989015,en
262,2563016869,en
263,16186671,en
264,15829896,en
265,91478624,en
266,1226729000984285184,en
267,1385444238494683136,en
268,15922214,en
269,5692542,en
270,16829934,en
271,1125277807070916608,en
272,17070252,en
273,1939509312,en
274,17632146,en
275,1156752976289177605,en
276,1417974415866961926,en
277,758054617036967937,en
279,20681253,en
280,964197501459943424,en
281,1022909846033756160,en
282,1490281408060928000,en
283,52787252,en
285,86412962,en
286,1030148518936174593,en
287,499364014,en
288,129039935,en
289,891088501734768642,en
290,17367006,en
291,1194383946244640771,en
292,39247666,en
293,1419800995744288780,en
294,66617919,en
295,821264456105660416,en
296,1394711914035367936,en
297,2299826742,en
298,1449419998187884548,en
299,871563386797998082,en
300,1427753049414533122,en
301,2926247928,en
302,1218267856741249026,en
303,215479216,en
304,1028534648488509440,en
305,1090103346407591936,en
306,207620490,en
307,830151760333381633,en
308,1339732959717416961,en
309,1247523439918764034,en
310,1374570690637103104,en
311,39403609,en
312,1519742250221146113,en
313,27061020,en
314,258765378,en
315,30771010,en
316,1191504317414555649,en
317,181714554,en
318,1961103038,en
319,717459451859611648,en
320,4276531,en
321,1235711550800818177,en
322,403883351,en
323,1521875356499824648,en
324,19288656,en
325,1468748752374620164,en
326,370570042,en
327,1247541393121087495,en
328,18336278,en
329,27260183,en
330,1456510026001047552,en
331,41131054,en
332,1422785358987735042,en
333,1496955027428188160,en
334,144449592,en
335,1323376509537583104,en
336,1490814147340218370,en
337,1213841123006763010,en
338,1083153579752312832,en
339,4857336779,en
340,3290125654,en
341,1076161611033968640,en
342,1521976285861318657,en
343,26054138,en
345,1260346345006620673,en
346,1155081164,en
347,999467012580630529,en
348,1331050729323151360,en
349,141423660,en
350,2616124279,en
351,1431031490,en
352,885545527,en
353,145429499,en
354,1275424353740611584,en
355,1030153943605751808,en
356,912179231253135361,en
357,16791534,en
358,1518689379857977344,en
359,1484496808462147594,en
360,998498946757595136,en
361,1322734952543342595,en
362,27734378,en
363,14181659,en
364,1519430085350154240,en
365,2934033050,en
366,16094355,en
367,1518932292793782273,en
368,49406551,en
369,1312727931442036741,en
370,1378356290351738884,en
371,1502046716731838464,en
372,15771003,en
373,1364668422500478977,en
374,777381465797562369,en
375,271432134,en
376,49990050,en
377,3084407464,en
378,1362186522062110720,en
379,22820478,en
380,1244695156218945537,en
381,39757671,en
382,1013927961966280706,en
383,1521368941347676161,en
384,709409779840462848,en
385,716761316476788736,en
386,1263823245746343936,en
387,1354880613795426305,en
388,599073876,en
389,2337734707,en
390,20155140,en
391,1355242367499071505,en
392,1515400074544746496,en
393,1415073882399297542,en
394,244630086,en
395,1518758634334867456,en
396,1498495756793262086,en
397,1316973567549079552,en
398,1325933716028403712,en
399,773636046,en
400,1294019866765275136,en
402,1518981205240299523,en
403,966750366175031297,en
404,1463462957086429185,en
405,982124664657928192,en
407,4553362518,en
408,3384749595,en
409,1033852081256390656,en
410,1370311148856299520,en
412,1424931739345072146,en
413,1419025484395032579,en
414,21536488,en
415,1456991030214070273,en
416,1495240379280592898,en
417,15451219,en
418,1417125620732080128,en
419,364267164,en
420,1420097588481626115,en
421,85997871,en
422,610343689,en
423,536022883,en
424,188787513,en
425,35066685,en
426,375297096,en
427,1365200703090647045,en
428,26607769,en
429,1288225076651995136,en
430,894994323254726656,en
431,1317658906580103168,en
432,1179139314430681088,en
433,280247175,en
434,1050916884,en
435,774131352811675648,en
436,7997312,en
437,1175208338818310146,en
438,748858315,en
440,69892426,en
441,234786485,en
442,994997990002700288,en
443,2366091618,en
444,843952980034383872,en
445,968497006330068992,en
446,1416864999541182467,en
447,47402158,en
448,1370096408838164490,en
449,1023224472340455424,en
450,43402775,en
451,148226677,en
452,825813699944390657,en
453,517903296,en
454,1319461064111697920,en
456,899071259853680640,en
457,24393759,en
458,3166124234,en
459,19383583,en
460,1263955145659998212,en
461,2740061170,en
462,955544175122010114,en
463,129344589,en
464,4840787810,en
465,1037467673108668416,en
466,3017796337,en
467,1230237046767341572,en
468,1415245168110882820,en
469,1332290025833320450,en
470,3308342214,en
471,13753532,en
472,293786612,en
473,64029326,en
474,90008116,en
475,1292967632,en
476,2348070766,en
477,25691978,en
478,209884957,en
479,969905673927516160,en
480,1132733714117480448,en
481,1362067236513529859,en
482,3281863351,en
483,798601214862774272,en
484,1092550866819780608,en
485,912826574621229056,en
486,806368075922685953,en
487,910346820,en
489,14718880,en
490,1416887868430196742,en
491,44241004,en
492,14067608,en
493,1501631467939639300,en
494,373457904,en
495,1467973561012862984,en
496,763938568502775808,en
497,921460621,en
498,765511120723468288,en
499,1012501484519321600,en
500,393007143,en
501,1519357877290291200,en
502,394149441,en
503,3168601011,en
504,1043927541285883906,en
505,1465285926335176705,en
506,1520775417271046145,en
507,406532827,en
508,3306763494,en
509,4568868552,en
510,771072205266583552,en
511,1376989227125243906,en
512,238361045,en
513,2173004186,en
514,381827527,en
515,23800426,en
516,1366203038336053249,en
517,1522996959388356610,en
518,1246532766390345728,en
519,4445616873,en
520,1126290391374938112,en
523,1064384708023218177,en
524,1519000514846990336,en
525,1304866524608557058,en
526,46382479,en
527,1429916821105217567,en
528,197186911,en
529,1301533041215647744,en
530,1291027746324279299,en
531,1143307882148061184,en
532,309466202,en
533,1167478010532061185,en
534,807650288811130880,en
535,1256294405335666691,en
536,1414797463236620291,en
537,21695334,en
538,1161457548,en
539,2204609910,en
540,4833818488,en
541,49113144,en
542,54530049,en
543,273148049,en
544,819234839035580416,en
545,1484551294257963008,en
546,754040136,en
547,82489457,en
548,18955918,en
549,258211078,en
550,3160535143,en
551,19322619,en
552,27451112,en
553,15012486,en
554,67510128,en
555,29011488,en
556,1504258594014994432,en
557,1045807068593246214,en
558,1482927710204841986,en
559,19363363,en
560,758482342000357376,en
561,1264616075334844418,en
562,823981844244955136,en
563,251040359,en
564,964622870214336512,en
565,2282073967,en
566,867913906152292352,en
567,908699601619865600,en
568,1410590302180712448,en
569,497106517,en
570,608473,en
571,1068047713781129216,en
572,65025270,en
573,1002617783652438022,en
574,1462247092844331011,en
575,1243571843996344320,en
576,1266563068223504389,en
577,3105722124,en
578,1459480051502747659,en
579,1326988721581928460,en
580,3258988863,en
581,1100059770579550210,en
583,1364435800339869701,en
584,1384394046,en
586,742019594827751424,en
587,1363514493175750669,en
588,869677584371548160,en
589,1482389284971814913,en
590,151678998,en
591,1024770586596319232,en
592,722655132,en
593,1034097779449233409,en
594,1519064476569554947,en
595,409824643,en
596,1511041155496136707,en
597,1081544945100451840,en
598,1009517269658030082,en
599,1393707044180426752,en
600,41364464,en
601,29454527,en
602,1424472990599847947,en
603,1234999066859393025,en
604,2662076661,en
605,239016047,en
606,100042133,en
607,796736612554117120,en
608,1437136832471371781,en
609,1317881142549356544,en
610,24487963,en
611,2863996955,en
612,59164402,en
613,209375281,en
614,1248342404895309824,en
615,1303506894364041216,en
616,13918492,en
617,1473456374948536321,en
618,24841259,en
619,46742635,en
620,48562712,en
621,17550469,en
622,14247236,en
623,495296165,en
624,16702760,en
625,16961245,en
626,266252872,en
627,295358506,en
628,70249670,en
629,1325884157201846273,en
630,88263959,en
631,50863718,en
632,943486716501020672,en
633,3615142342,en
634,812313494838280192,en
635,887359578907656193,en
636,31523388,en
637,123416378,en
638,46729362,en
639,1411147754567569409,en
640,14662354,en
641,1507098857561280517,en
642,15276401,en
643,15845192,en
644,21813975,en
645,1421932886329118722,en
646,1038047465918943232,en
647,3989285963,en
648,419172594,en
649,1268202418572980226,en
650,1011724552529997825,en
651,1224363167591161857,en
652,1520985673213296640,en
653,1522644907688558592,en
654,737292332,en
655,1293735784072134658,en
656,1264017677800136704,en
657,1445159037386072065,en
658,1478098158324523021,en
659,102745456,en
660,701390870,en
661,17328077,en
662,247824819,en
663,1090048403529129984,en
664,1392647660113338368,en
665,873345667414077444,en
666,15949696,en
667,1520122861054316546,en
668,1311495676803657729,en
669,15477558,en
670,138669854,en
671,1049560369,en
672,2286832440,en
673,837803294625947649,en
676,49762522,en
677,35687376,en
678,1351652533014560777,en
679,4091551984,en
680,1516892247954018313,en
681,44166246,en
682,960942569764151296,en
683,1162213755544936448,en
684,1167895681115275264,en
685,1239337841429065728,en
686,21353060,en
687,1195504871170039812,en
688,1516539642660720642,en
689,36249905,en
690,19044261,en
691,1334126606,en
692,1126539905516150789,en
693,395694381,en
694,288416120,en
695,1090073310812090369,en
696,160142930,en
697,3255899448,en
698,48071635,en
699,4119294439,en
700,4294203440,en
701,273587066,en
702,6298952,en
703,827546290221367297,en
704,1355865099962093574,en
705,41316941,en
706,546120447,en
707,759892851538878464,en
708,104816532,en
709,295466696,en
710,218001984,en
711,1261036521752158209,en
712,1267708779329552384,en
713,37338325,en
714,2173491708,en
715,1653734786,en
716,471648670,en
717,28097432,en
718,1152110797293670401,en
719,44067298,en
720,828320209593184256,en
721,2417524422,en
722,3111264209,en
723,2238402254,en
724,38233602,en
725,814966999331782656,en
726,398706957,en
727,19152977,en
728,95708478,en
729,1207408775537348608,en
730,277609784,en
731,46563178,en
732,108799038,en
733,1504594669820387328,en
734,18950712,en
735,1479520759244537856,en
736,1519996878095585283,en
737,1339759003035787267,en
739,67358777,en
740,1275139095350706176,en
741,1499422932489150465,en
742,20203934,en
743,65305830,en
744,16815644,en
746,19605981,en
748,2632450275,en
749,473396866,en
750,1174150177659269125,en
751,450239833,en
752,3313635276,en
753,19637772,en
754,1249692668378132481,en
755,764122333,en
756,21905548,en
757,1132096826331541504,en
758,165063333,en
759,588035789,en
760,1518839061644865536,en
761,785539480421793792,en
762,779478312863268864,en
763,1243995177917779968,en
764,1384190368166551555,en
765,1264789722649579520,en
766,945012234215755776,en
767,1515766934608007173,en
768,1316924223651078146,en
769,1206600944,en
770,71887462,en
771,347913941,en
772,262197881,en
773,1518777561823821824,en
774,23430138,en
775,2877179937,en
776,16429194,en
777,1519657214419611648,en
778,791599389168906241,en
779,472127699,en
780,2798616359,en
781,1296626036399132673,en
782,20791372,en
783,1480261385598779392,en
784,1458380814211862529,en
785,489074803,en
786,64451174,en
787,1432395688076365827,en
788,1513222769521172495,en
789,154381939,en
790,1348097546472796161,en
791,113804597,en
792,1142832855225176064,en
793,47471027,en
794,864597043477479426,en
795,1103387900262187008,en
796,1523193019876274177,en
797,18243006,en
798,20630658,en
799,15741370,en
800,831648389339058176,en
801,2455543591,en
802,2995003258,en
803,200838452,en
804,2379110352,en
805,1497381875433844740,en
806,28346736,en
807,1546834038,en
808,2771061222,en
809,853849072817582081,en
810,1501737866069626882,en
811,2323583940,en
812,61127668,en
813,1350487228213039104,en
814,1431639302149218313,en
815,241702433,en
817,1263583825709289472,en
818,1511417293720498179,en
819,784519,en
821,2955000537,en
822,1375832138,en
823,28108817,en
824,1225972537936490496,en
825,21429852,en
826,300378676,en
827,900731540887547906,en
828,34716236,en
829,48110818,en
831,917031586813669377,en
832,1032372371448127488,en
833,34740650,en
834,50626909,en
835,1092871130094813184,en
837,178958293,en
838,1228307106,en
839,918654245720637440,en
840,1487064033069047810,en
841,1359925966395613188,en
842,818478703319465984,en
843,273996716,en
844,3403656640,en
845,360668004,en
846,1358483388697612295,en
847,399524259,en
848,1348839710140080130,en
849,1519346827165904901,en
850,2799374728,en
851,21663231,en
852,1518780161558261763,en
853,1368512072,en
854,1044605457221013505,en
855,1696503140,en
856,7125512,en
857,1075152510720073731,en
858,1520926911328931841,en
859,1518688119821942784,en
860,1268490655,en
861,903088846644051968,en
862,2865773869,en
863,22094374,en
864,1391127408296742914,en
865,715065997955174400,en
866,60919240,en
867,528408753,en
868,309298720,en
869,66776059,en
870,551098625,en
871,463260399,en
872,2898918799,en
873,1412877081529266176,en
874,1211722541225480193,en
875,777163243,en
876,858066056786694144,en
877,16290017,en
878,1327465262183018496,en
879,20983112,en
880,3277441728,en
881,1317330399652139010,en
882,2665791735,en
883,1314953609021468673,en
884,3294291206,en
885,1490401978173870080,en
886,43087079,en
887,48205515,en
888,397756361,en
889,720694292553998337,en
890,16264360,en
891,922143868849737728,en
892,816298918468259841,en
893,1386109443830603780,en
894,252794509,en
895,19330456,en
896,2198391794,en
897,4364641994,en
898,1244038241784860677,en
899,97084619,en
900,331268084,en
901,858913278,en
902,1452710450802696192,en
903,1421686885320040454,en
904,25053299,en
905,33034039,en
906,1234712929943085056,en
907,1415175695135805440,en
908,44922920,en
909,12952842,en
910,871000168417701888,en
911,429434099,en
912,2433923353,en
913,1476165846057644034,en
914,1263604554110832645,en
915,1519079417061982211,en
916,947983239326531584,en
917,2609629039,en
918,1247522527418646528,en
919,1508486866928082945,en
920,34308223,en
921,18038375,en
922,16249481,en
923,1518756479486070785,en
924,1128991135,en
925,1462550997939769348,en
926,1505331632722436097,en
927,941394913631096832,en
928,978711734121828352,en
929,1048389580804820993,en
930,473970393,en
931,979121473,en
933,1371126826140119044,en
934,1508790397,en
935,1376608021636378624,en
936,2958016086,en
937,2472261229,en
938,1068604589421862912,en
939,57774733,en
940,65474965,en
941,2382495682,en
942,283742941,en
943,1492128018311041027,en
944,494365179,en
945,295510691,en
946,209498103,en
947,167137406,en
948,2244707905,en
949,1116672084195852293,en
950,328659351,en
951,941416039,en
952,26570621,en
953,417919704,en
954,3230011058,en
955,45865081,en
956,846355601013833728,en
957,17414054,en
958,15649115,en
959,710947640670695424,en
960,59047876,en
962,1325274773958561793,en
963,19781646,en
964,710183821120020481,en
965,84685398,en
967,1463595107748298753,en
968,1308544751042404355,en
969,75952509,en
970,1376945464201900033,en
972,798416410984796160,en
973,27076961,en
974,1165332141129031680,en
975,789575825586651136,en
976,957821456821473286,en
977,40324125,en
978,1507188792674856973,en
979,4075241,en
980,2359731346,en
981,21965170,en
982,14676022,en
983,1104110151173255169,en
984,1452003140618784770,en
985,119830208,en
986,435388367,en
987,1144965597886910469,en
988,1498788190282387457,en
989,635419330,en
990,12896172,en
991,1345418117657182208,en
992,531628142,en
993,1471226064810696706,en
994,129660724,en
995,1448727736684630017,en
996,205835661,en
997,1386920464920956929,en
998,539566673,en
999,15281163,en
1000,1296838910941769733,en
1001,64452962,en
1002,390206248,en
1003,20208295,en
1004,2848011504,en
1005,1332474647938478081,en
1006,1330911446440554496,en
1007,1518667084313604098,en
1008,4503428311,en
1009,69493332,en
1010,1519378817768431617,en
1011,1176639066311417857,en
1012,14299926,en
1013,1209936918,en
1014,933529969,en
1015,23547189,en
1016,817652,en
1017,1143189259534262272,en
1018,902739635247300608,en
1019,1501629549313994756,en
1020,1203849632209657858,en
1021,407486000,en
1023,795138728218021889,en
1024,1517943598205095936,en
1025,785028179782021120,en
1026,1349595358041575424,en
1027,1335643009132748813,en
1028,48737844,en
1029,344151074,en
1030,813587834800144384,en
1031,1336070890476343296,en
1032,37656827,en
1033,1490754517176041481,en
1034,1129812268663934977,en
1035,1519454282663153664,en
1036,715032913365057536,en
1037,14133964,en
1038,225556111,en
1039,374711286,en
1040,621218892,en
1041,717156109,en
1042,18920716,en
1043,459612566,en
1044,20567131,en
1045,1516245128318435335,en
1046,963531779310276608,en
1047,1484545162093203459,en
1048,392394871,en
1049,1336146719331950593,en
1050,199824608,en
1051,397736195,en
1052,300269249,en
1053,1514645777980661775,en
1054,265710881,en
1055,3302026384,en
1056,1313859167711645696,en
1057,1462399938508345346,en
1058,1387187338401312773,en
1059,17373386,en
1060,799718923541291008,en
1061,32283017,en
1062,455501512,en
1064,930953018,en
1065,19818357,en
1066,712187539226910720,en
1067,4390331,en
1069,138533288,en
1070,2719396314,en
1071,18268885,en
1072,27080282,en
1073,1876960524,en
1074,339221531,en
1075,900955613198405632,en
1076,1518942390941364224,en
1077,1609011212,en
1078,799375064466485248,en
1079,1293603003015008261,en
1080,1456693965005070336,en
1081,288920464,en
1082,1374963955643342849,en
1083,377656853,en
1084,1291706377765879808,en
1085,787546010,en
1086,703588035657646080,en
1087,1496116462137884672,en
1088,703307153818259456,en
1089,1518757286411268096,en
1090,1411490503196086276,en
1091,1522895414,en
1092,268400761,en
1094,83339474,en
1095,1482690588,en
1096,20597234,en
1097,29057694,en
1098,1104045001321926656,en
1099,1434266454,en
1100,1425081739563634692,en
1101,1023940182184288257,en
1102,1029096279685648385,en
1103,842751167448989697,en
1104,212936279,en
1106,69658524,en
1107,39297925,en
1108,1467466806063476741,en
1109,2883630898,en
1110,1239262513289736193,en
1111,1429574440250134533,en
1112,1278091125950164996,en
1113,740365033683714048,en
1114,3240330844,en
1115,1294350605293682690,en
1116,1201918910674677760,en
1117,429485301,en
1118,1137899392076095488,en
1119,1507135449709617159,en
1120,156504737,en
1121,1519335956175806464,en
1122,781972280314241024,en
1124,1196079618442301440,en
1126,248757990,en
1127,25894502,en
1128,143225212,en
1129,969807147868610565,en
1130,4900129261,en
1131,17667060,en
1132,552394747,en
1133,935522241575612417,en
1134,1337754019163496450,en
1135,17290551,en
1136,1501264954552471555,en
1137,179522090,en
1138,1225081498988154880,en
1139,1180253962617769985,en
1140,273832000,en
1141,1241072305314451456,en
1142,1519344881327435780,en
1143,18252261,en
1144,1461804724311756819,en
1146,922035074,en
1147,1508107233619501056,en
1148,1333529443923595268,en
1149,21584266,en
1150,459365555,en
1151,70040425,en
1153,763508452870225920,en
1154,1218231560022958086,en
1155,1125198845032275968,en
1156,971604642378338304,en
1157,19063323,en
1158,24733117,en
1159,1421199318984368136,en
1160,541281436,en
1161,1466886975831650304,en
1162,3055628993,en
1163,12568062,en
1164,21243049,en
1165,3054792742,en
1166,61220832,en
1167,968911442329178113,en
1168,908768690455371780,en
1169,1422668272885977088,en
1170,1520047951258669056,en
1171,1441422885759815680,en
1172,1293238698784382976,en
1173,1278516357978611713,en
1174,35540364,en
1175,1500799256587821064,en
1176,1403150816748339200,en
1177,15913879,en
1178,1294482511083589632,en
1179,838462542,en
1180,2543951930,en
1181,490751887,en
1182,7313362,en
1183,1096832055667818497,en
1184,825169722538852352,en
1185,1382677869554458626,en
1186,41917912,en
1187,2397838158,en
1188,487956496,en
1189,232087947,en
1190,201729872,en
1191,1471610065836728323,en
1192,309238549,en
1193,1272725816137388035,en
1194,954811536,en
1195,329688737,en
1196,82689705,en
1197,1275764067857203200,en
1198,1049480817041465344,en
1199,1426321022,en
1200,745650231145029632,en
1201,3353371228,en
1202,2998261792,en
1203,791711732544733184,en
1204,1355481644,en
1205,2305699237,en
1206,3253932733,en
1207,2325972424,en
1208,1296477800870944768,en
1209,70703262,en
1210,1383532704,en
1211,20108993,en
1212,279780906,en
1213,1466889972615561222,en
1214,49073130,en
1215,1444503656632659980,en
1216,14216661,en
1217,14353656,en
1218,1499531717790420998,en
1219,1290853392235937792,en
1220,1260750072,en
1221,438036394,en
1222,47113876,en
1223,26310995,en
1224,2208919223,en
1225,1093263696686710790,en
1226,845340283025817600,en
1227,310983849,en
1228,272040864,en
1229,1104998930557923329,en
1230,28596349,en
1231,466864852,en
1232,814621754995814400,en
1233,293016222,en
1234,756903193901162496,en
1235,30600913,en
1237,1101636431959781376,en
1238,368525958,en
1239,829509232303173632,en
1240,15462682,en
1241,10434542,en
1242,1498529063924899840,en
1243,1054912994977767425,en
1244,20145720,en
1245,2218631701,en
1246,400422545,en
1247,1485585421711167489,en
1248,1063269459647975425,en
1249,1508126293937717249,en
1250,1021798160488976385,en
1251,1212537488243220482,en
1253,182996027,en
1254,384438102,en
1255,1500954451053531138,en
1256,2446418336,en
1257,98183151,en
1258,86622682,en
1259,427524408,en
1260,1056657176,en
1261,259893731,en
1262,1455770224691666947,en
1264,15727974,en
1265,874277458736017408,en
1266,34850536,en
1267,18849779,en
1268,2161701020,en
1269,1406418225399697408,en
1270,1238581526,en
1271,1365523120434475010,en
1272,39495430,en
1273,1700236860,en
1274,824162569,en
1275,101914387,en
1276,1301207026748416001,en
1277,69044910,en
1278,2931007700,en
1279,803399495715319808,en
1280,1446127267143315476,en
1281,1458766250469777410,en
1282,72552866,en
1283,3396454306,en
1284,1313210887591743489,en
1285,873782834,en
1286,148620589,en
1287,118465549,en
1288,1308596911297802241,en
1289,1439740650,en
1290,1434793837290041345,en
1292,21452804,en
1293,24112607,en
1294,21230289,en
1295,1368974707027021826,en
1296,2839398500,en
1297,1518666769975717888,en
1298,1653065412,en
1299,131253470,en
1300,306541951,en
1301,1244669997802283013,en
1302,55259165,en
1303,400307692,en
1304,1440708384383143937,en
1305,23555906,en
1306,741343677465890820,en
1307,21322076,en
1308,3281836268,en
1309,1091435078666932227,en
1310,119829799,en
1311,1181303862956822529,en
1312,20079730,en
1313,300963571,en
1314,3784490832,en
1315,1431064215658266624,en
1316,1511371407204225025,en
1317,1684990992,en
1318,1483168194676232193,en
1319,1507787091652104199,en
1320,1371090683692482563,en
1321,1509546232859041798,en
1322,2796687318,en
1323,325555232,en
1324,1184291885084360704,en
1325,772502972299436032,en
1326,260844311,en
1327,996535675938799617,en
1328,1360763566786240513,en
1329,16131951,en
1330,703701473855721472,en
1331,1514351319695257601,en
1332,1509236678757523457,en
1333,27979322,en
1334,977922629632839681,en
1335,277824321,en
1337,1365010870431059969,en
1338,319435436,en
1339,925768634072526849,en
1340,1229675046,en
1341,2208050180,en
1342,19816004,en
1343,375303344,en
1344,1297235488269430785,en
1345,15749662,en
1346,1519348116666859520,en
1347,86424236,en
1348,1491219248911425536,en
1349,34927577,en
1350,1075160967011536896,en
1351,1485787211224154112,en
1352,4657986168,en
1353,4476034097,en
1354,1075259868712460288,en
1356,18112397,en
1357,1518969378439454720,en
1358,1469806132197789708,en
1359,116496709,en
1360,214171423,en
1361,1496132733608861701,en
1362,1085861740091453440,en
1363,2903144049,en
1364,976896396971294720,en
1365,1266948626560868354,en
1366,46346348,en
1367,756557863653216256,en
1368,15182798,en
1369,2910683296,en
1370,27987687,en
1371,976122092721725440,en
1372,367613291,en
1373,3393453733,en
1374,66162566,en
1375,2747043493,en
1376,1252599421067386880,en
1377,15660648,en
1378,993289058314014720,en
1379,350557906,en
1380,82706747,en
1381,14323188,en
1382,241640955,en
1383,1494367250119282688,en
1384,615142627,en
1385,288024992,en
1386,56864574,en
1387,20204451,en
1388,1625721750,en
1389,14177942,en
1390,26005689,en
1391,61269661,en
1392,858388040519008256,en
1393,2680393058,en
1394,2813960768,en
1395,1471947368165748744,en
1396,1355628677766258696,en
1397,218600278,en
1398,749016639287414784,en
1399,1353360241870696451,en
1400,172778124,en
1402,1521622207587393539,en
1403,1362555173701357574,en
1404,862885130,en
1405,326673462,en
1406,723141217937162240,en
1407,1481422640183070722,en
1408,947966732383088640,en
1409,1476385880059351043,en
1410,20275274,en
1411,1258594536860913665,en
1412,1503652794062057474,en
1413,35295035,en
1414,28602352,en
1415,241226103,en
1416,125483041,en
1417,19411924,en
1418,384030408,en
1419,1247276578633134082,en
1420,1335632657238134784,en
1421,1323311080148508672,en
1422,3185072882,en
1423,1052728140575985670,en
1424,1489125334196834304,en
1425,2254211606,en
1426,3511839793,en
1427,487224312,en
1428,720782525250080769,en
1429,1225985665583570946,en
1430,1063158588045066240,en
1431,915850531,en
1432,1389789751297945601,en
1433,1519345247037370374,en
1434,36424105,en
1435,1069984033,en
1436,1519969872909938688,en
1437,58554518,en
1438,1519782647504982017,en
1439,540214127,en
1440,1092676491765342208,en
1442,1200182362107199490,en
1443,282610755,en
1444,1301915596377010183,en
1445,1164674343105941504,en
1446,1505441157945257985,en
1447,1017174612952707072,en
1448,17475358,en
1449,3696711134,en
1450,545345459,en
1451,185386502,en
1452,1863157532,en
1453,116534235,en
1454,858600428140769280,en
1455,1918346990,en
1456,68928118,en
1457,1518673766464712705,en
1458,1355317203059412992,en
1459,1499448936645500931,en
1460,319767750,en
1461,1406553882,en
1462,999310916226347009,en
1463,1480396712,en
1464,346193084,en
1465,1479934111171203077,en
1466,19550464,en
1467,1407824426645741568,en
1468,1658282708,en
1469,18210784,en
1470,1138725654,en
1471,2896685855,en
1472,1421692673195393024,en
1473,2429723413,en
1474,15428911,en
1475,1519546361766563840,en
1476,1703512326,en
1477,1318986180810182656,en
1478,1036035609180037120,en
1479,1445080715117436946,en
1480,1519381358585425920,en
1481,1150585161488175104,en
1482,290980590,en
1483,1518740647108243457,en
1484,1316473516653453313,en
1485,1143635721745502210,en
1486,132699316,en
1487,2724545554,en
1488,138474707,en
1489,213883936,en
1490,14345812,en
1491,55098071,en
1492,47128578,en
1493,65332637,en
1495,67875296,en
1496,1498891790908284931,en
1497,182819523,en
1498,1303001295184424962,en
1499,604954282,en
1500,1445389436804599808,en
1501,2326374691,en
1502,1519690156625825794,en
1503,1290799337526583296,en
1504,247095088,en
1505,1026966977179463681,en
1506,4071208813,en
1507,1496195711150530567,en
1508,1365724670226534402,en
1509,2414922692,en
1510,786891846748372996,en
1511,1174565056996134913,en
1512,1432140607032496132,en
1513,123041474,en
1515,968997763877761025,en
1516,1240331247454314499,en
1517,25896614,en
1518,1002629947020791811,en
1519,1268785938324471810,en
1520,1487869123568836616,en
1521,1440701320516624387,en
1522,1431048941555101696,en
1523,4200834237,en
1524,1495839607,en
1525,3544613788,en
1526,12137172,en
1527,2525148996,en
1528,93461875,en
1529,1518729932624510980,en
1530,1519681232086384640,en
1531,515105200,en
1532,3243604166,en
1533,1038792833606602753,en
1534,1370818670,en
1535,1520490847589978112,en
1536,468017245,en
1537,1358204257242132481,en
1538,995359807824584704,en
1539,282377144,en
1540,1188453518174228480,en
1541,925842788230615040,en
1542,1457389981614452741,en
1543,891778257812672512,en
1544,65076329,en
1545,991313902398001153,en
1546,6038642,en
1547,593261108,en
1548,16364416,en
1550,1515057135230541826,en
1551,23174824,en
1552,609909059,en
1553,55060090,en
1554,562848986,en
1555,1539881640,en
1556,959220900,en
1557,1489752130730827784,en
1558,105197451,en
1559,1114906986209058819,en
1560,2704245469,en
1561,1224645895,en
1562,1225108360296456194,en
1564,705890784319377409,en
1565,752140101401059328,en
1566,1478952771281829893,en
1567,1518787684268838912,en
1568,379162299,en
1569,1521313684366184454,en
1570,880236046897860608,en
1571,1092078749435203586,en
1572,533442678,en
1574,39308549,en
1575,2836421,en
1576,17612969,en
1577,15829538,en
1578,122513299,en
1580,58855312,en
1581,216514223,en
1582,1520379188494143489,en
1583,1523633242326417408,en
1584,22928810,en
1585,20065282,en
1586,769427094,en
1587,14353724,en
1588,884834111273058304,en
1589,15426043,en
1590,1633842470,en
1591,1193161322906767361,en
1592,19925191,en
1593,1470481364977917954,en
1594,521495786,en
1595,2944638138,en
1596,6724252,en
1597,2379747494,en
1598,828831711756591104,en
1599,236093569,en
1600,1496746171821346816,en
1601,322922063,en
1602,860685500,en
1603,101508371,en
1604,152174647,en
1605,190439124,en
1606,1578797324,en
1607,777257664,en
1608,383359326,en
1609,1063321,en
1610,553074506,en
1611,2835118545,en
1612,80415454,en
1613,1523675261186756609,en
1614,1520142957222973446,en
1615,293894608,en
1616,1174023902151921664,en
1617,783419957493149696,en
1618,1518999168383172620,en
1619,1146418161773961217,en
1620,764147243490226176,en
1621,23080633,en
1622,98912331,en
1623,15652947,en
1624,1180608218059411456,en
1625,539290309,en
1626,8223542,en
1628,603884911,en
1629,268194728,en
1630,3267440372,en
1631,734789221110538240,en
1632,418772903,en
1633,1518706794809503744,en
1634,1401594575534309376,en
1635,49487882,en
1636,30209201,en
1637,1283574209491369991,en
1638,1168299995503767553,en
1639,21689719,en
1640,1518703894733463553,en
1641,761382188961136640,en
1642,1534564532,en
1644,1521609906348081155,en
1645,371554694,en
1646,104458505,en
1647,2682843230,en
1648,1271003477565509635,en
1649,726724862698356736,en
1650,171803216,en
1651,18666057,en
1652,1108532045716865025,en
1653,1506982921608974340,en
1654,1043941951228301312,en
1655,1496853848,en
1656,1284541627378343936,en
1657,42958829,en
1658,535509742,en
1659,6007832,en
1660,1051634996081876992,en
1661,1449551790396035073,en
1662,2598357146,en
1663,2928963276,en
1664,2199979194,en
1665,4362623953,en
1666,951153481674645505,en
1667,1433227584,en
1668,337516536,en
1669,315447538,en
1670,860242434,en
1671,305781935,en
1672,27282113,en
1673,3034218514,en
1674,1257099943132622848,en
1675,1518709644830588929,en
1676,2774357125,en
1677,851061556184068096,en
1678,1473176863551885313,en
1679,1266461191,en
1680,610955606,en
1681,1109994834117320706,en
1682,2168680418,en
1683,1521915562938429440,en
1684,1297007925764993025,en
1685,1333499813430693892,en
1686,1506822002530611202,en
1687,1428084747541024779,en
1688,16163639,en
1689,825421922615824385,en
1691,1292645356572991488,en
1692,1417517276186644484,en
1693,1468428926083268613,en
1694,4416738399,en
1695,206830178,en
1696,1300459002258620416,en
1697,916783892098666497,en
1698,465938540,en
1699,887766486,en
1700,852942268512129026,en
1701,83642518,en
1702,3154946020,en
1703,555414571,en
1704,1178513844743921665,en
1705,929057515,en
1706,3630419353,en
1707,955686357158039552,en
1708,110877448,en
1709,528056698,en
1710,14989895,en
1711,714538135435284481,en
1712,1020058453,en
1713,1521591161164468224,en
1714,1051004932839497728,en
1715,2560710709,en
1716,1223383426553778176,en
1717,1302354229600944129,en
1718,1517215471828828160,en
1719,1490356737240670209,en
1720,3145448946,en
1721,1259113714411847683,en
1722,813162341269471232,en
1723,1432528034167283719,en
1724,1419870937328099328,en
1725,36366902,en
1726,173917684,en
1727,1031260546329403393,en
1728,858330200504844288,en
1729,236506960,en
1730,18163042,en
1731,23948950,en
1732,1356492104235577344,en
1733,1432549282842742786,en
1734,1346338422634516486,en
1735,112857411,en
1736,4909999732,en
1737,1519324715793403906,en
1738,1383377382824837130,en
1739,1059618968,en
1740,1253831977909846020,en
1741,189559973,en
1742,961630265385930752,en
1744,1481891664914530304,en
1745,1502749083630456832,en
1746,1001499086162485248,en
1747,1403705301015072769,en
1748,192792371,en
1749,28577741,en
1750,897118312294907904,en
1751,2306798977,en
1752,1403399590246707203,en
1753,1189264370972446720,en
1755,1298716088155295744,en
1756,1520859662530142208,en
1757,1185286753265115136,en
1758,707891263,en
1759,1419348314181578754,en
1760,1130046320184446976,en
1761,1316565121712508928,en
1762,1374866505813258240,en
1763,167148340,en
1764,1417284024649781250,en
1765,16340142,en
1766,1322287006970339329,en
1768,776446214644633600,en
1769,469338840,en
1771,330665835,en
1772,23450558,en
1773,1520080333231828992,en
1774,823709415626850305,en
1776,1346543861745688576,en
1777,1358185045731790849,en
1778,1082150674878492673,en
1779,51840046,en
1780,4244999398,en
1781,830855061563584512,en
1783,1518685545706278915,en
1784,1441442423415083017,en
1786,825107061922897922,en
1787,1512185852910354438,en
1788,1464789648635580417,en
1789,406023135,en
1790,1374732530683887616,en
1791,1443637513478803464,en
1794,1455341415706370051,en
1795,2904173352,en
1796,271237940,en
1797,1144779761736134656,en
1798,885913435,en
1799,863174928744370176,en
1800,65146567,en
1802,1307354303263195136,en
1803,1356625999115468800,en
1804,15764136,en
1805,15273508,en
1806,18029310,en
1807,132078692,en
1808,219087726,en
1810,1077286190154342400,en
1811,1507288209893515279,en
1812,783901752127004672,en
1813,15404634,en
1814,1019346236510330881,en
1815,55640472,en
1816,2230247461,en
1817,39635084,en
1818,825339883338268672,en
1819,2380557126,en
1820,1519038575488212993,en
1821,311826719,en
1822,31667539,en
1823,1118453058135035904,en
1824,1478228683521290240,en
1825,204937371,en
1826,63262233,en
1827,600402500,en
1828,23372163,en
1829,1129121352,en
1830,20629645,en
1831,474464413,en
1833,752783101,en
1834,713041637664894976,en
1835,1096866725172269056,en
1836,392217673,en
1837,138114475,en
1838,23480020,en
1839,1240390364,en
1840,13339612,en
1841,1253132880684990467,en
1842,1518820965236592641,en
1843,824058736230748166,en
1844,1374006679533150208,en
1845,1453898305935581190,en
1846,1519499221468020737,en
1847,1325119901342834690,en
1848,757402141971447809,en
1849,821125811436748800,en
1850,1222628360410583041,en
1851,48908256,en
1852,1285038455987343362,en
1853,601262235,en
1854,141047471,en
1855,1352578144998453248,en
1856,42683917,en
1857,1376353870071349251,en
1858,45227948,en
1860,14955722,en
1861,702013982618558464,en
1862,316124576,en
1863,93311337,en
1864,2232480736,en
1865,943197085343604736,en
1866,14924212,en
1867,411046172,en
1868,142118067,en
1869,1521908719965114369,en
1870,4212274275,en
1871,250229250,en
1872,3358678103,en
1873,931225334,en
1874,2175281919,en
1875,255087111,en
1876,562647203,en
1877,705915186427760640,en
1878,739641893466710019,en
1879,4071287597,en
1880,366205762,en
1881,599629749,en
1882,784047146530066432,en
1883,13737002,en
1884,3165597870,en
1885,1601567996,en
1886,20777057,en
1888,1512612689423454209,en
1889,1456473214658379779,en
1890,1317217293454266368,en
1891,14095549,en
1892,1423400205811077121,en
1893,323599844,en
1894,133793696,en
1895,122495400,en
1896,219493138,en
1897,1362177019,en
1898,1267894216568516611,en
1900,1428123846171930629,en
1901,277030227,en
1902,742554932834897921,en
1903,1250795967986561024,en
1904,1008790962603163648,en
1905,396508992,en
1906,20344970,en
1907,1055913276,en
1908,1428451528738627585,en
1909,887442528990932993,en
1910,1314363871684169734,en
1911,1432039466412089344,en
1912,1522307088298516480,en
1913,2395231544,en
1914,26427890,en
1915,713263697842405376,en
1916,1413959774631124994,en
1917,743322853,en
1919,214176777,en
1920,1328445229771464705,en
1921,1247261135419703297,en
1922,1451473992485720067,en
1923,1356775540343062532,en
1924,4052695333,en
1925,617235554,en
1926,938195541611110400,en
1927,1499947306099126274,en
1928,1013885440204595200,en
1929,950474716103323649,en
1930,1520972139079376897,en
1931,716173666539667456,en
1932,1137932954401935360,en
1933,1390679325758922754,en
1934,176619668,en
1935,1294791199249793026,en
1936,1484121364206440450,en
1937,922556981147140097,en
1938,920663561029926912,en
1939,65787059,en
1940,29838232,en
1941,1313607316948897795,en
1943,1491813395531657220,en
1944,1370646695529254914,en
1945,1415150586094395394,en
1946,444266477,en
1947,32649952,en
1948,52245541,en
1949,17270909,en
1950,822343926,en
1952,1519367850904801281,en
1953,42834223,en
1954,1522434220479590407,en
1955,71273952,en
1956,1608681506,en
1957,602993339,en
1958,1492551909152116738,en
1959,288205050,en
1960,1519642140455981056,en
1961,605072403,en
1962,1594013958,en
1963,20545835,en
1964,350503258,en
1965,147066870,en
1966,1252834189,en
1967,41085312,en
1968,2842146664,en
1969,2665560798,en
1970,137237982,en
1971,1509250123561422853,en
1972,13435612,en
1973,842475816592187392,en
1974,1112939094,en
1975,1395843015999213568,en
1976,406338707,en
1977,1349011637257318401,en
1978,225179535,en
1979,1322790750011101184,en
1980,111640140,en
1981,1518670333867352079,en
1982,1489645688136867843,en
1983,713523037560111105,en
1984,1219829924,en
1985,1479108810316730373,en
1986,429875115,en
1989,31112374,en
1990,1650506257,en
1991,1120646143225028608,en
1992,15575850,en
1993,466640282,en
1994,102575989,en
1995,1458987956862177284,en
1996,1388199319069724672,en
1997,579530637,en
1998,2880120915,en
1999,25376730,en
2000,200675211,en
2001,582307923,en
2002,15426911,en
2003,915229609683243008,en
2004,1460022722264719360,en
2006,1120396286962753536,en
2007,1519085534613839875,en
2008,1209432239743918080,en
2009,749793451210788868,en
2010,1633538270,en
2011,1518966632869244928,en
2012,1191232346575560704,en
2013,61235449,en
2014,1703578957,en
2015,1113284663974465537,en
2016,2307161366,en
2018,1196839873992445953,en
2020,810148524,en
2021,808104086256099328,en
2022,1276492515563184128,en
2023,897920201412534272,en
2024,28618917,en
2025,1522736796802568192,en
2026,137245465,en
2028,174117066,en
2029,15828922,en
2030,30303814,en
2031,863216444,en
2032,21509338,en
2033,14990112,en
2034,1062599274,en
2035,1473721183787008004,en
2036,3324540853,en
2037,49007442,en
2038,1345135204411781127,en
2039,823945691911389184,en
2040,1734954949,en
2041,1049475805821247488,en
2042,1242100007467171840,en
2043,1401990760174551040,en
2044,707648309230436353,en
2045,1354020904620195840,en
2046,171215104,en
2047,1223356596496945152,en
2048,1266923727633166339,en
2049,248825254,en
2050,1518923970824835073,en
2051,1485964511056171009,en
2052,2977031254,en
2053,634372305,en
2054,1508816862439739393,en
2055,259493756,en
2056,1209642294,en
2057,1193633291506724864,en
2058,366925352,en
2059,1359546074831020032,en
2060,1056199820,en
2061,1509736004886069248,en
2062,2217910093,en
2063,1478506964137263106,en
2064,184951701,en
2065,14833304,en
2066,1520117427383808000,en
2067,872142528,en
2068,2512272031,en
2069,33307298,en
2070,36205959,en
2071,2367424982,en
2072,1075501166178516992,en
2073,1236656342674407427,en
2074,220110415,en
2075,2670535614,en
2076,305223472,en
2077,1210905898433990656,en
2078,1516421208874663953,en
2079,1149911595058786304,en
2080,817476970544005120,en
2081,401675584,en
2082,449600949,en
2083,22975495,en
2084,20020846,en
2085,1488646522925301760,en
2086,978727079628890112,en
2087,42920728,en
2088,1345116348054032384,en
2089,1233608415395475456,en
2090,1463909374527635458,en
2091,25559389,en
2092,20280222,en
2093,1279056057789284355,en
2094,1034117012115652608,en
2095,1134934345,en
2096,20749486,en
2097,205056015,en
2098,1147949382781853699,en
2099,1516451869933158400,en
2100,273633216,en
2101,39634982,en
2102,52256932,en
2103,1322320623943692290,en
2104,55049762,en
2105,775482843191398401,en
2106,232757559,en
2107,1210048801232347139,en
2108,621335481,en
2110,1486097755965693957,en
2111,477971953,en
2113,456300007,en
2114,214798114,en
2115,48518943,en
2116,903426821168889856,en
2117,1038151025302138880,en
2118,1154166584,en
2119,15098920,en
2120,898668561404641280,en
2122,966032255234736128,en
2123,75576557,en
2124,1521621347335655426,en
2125,104618255,en
2126,4035413657,en
2127,1154138502008922113,en
2128,14352556,en
2129,290758912,en
2130,461799092,en
2131,616536328,en
2132,959452283086962690,en
2133,1122646512733970433,en
2134,2295493699,en
2135,911756299,en
2136,1324461066278129670,en
2137,853653906,en
2138,774713617044439042,en
2140,1458972050802941956,en
2141,2992674050,en
2142,875289241248346112,en
2143,1610889054,en
2144,24438551,en
2145,890290830082277379,en
2146,1321643887195205632,en
2147,1520251334976409602,en
2148,1450056305763397639,en
2149,1090071278499831810,en
2150,1495887725509099521,en
2151,1469911373245304833,en
2152,1213986224685252609,en
2153,1349382361,en
2154,287986884,en
2155,261538628,en
2156,205392468,en
2157,1431132470,en
2158,1065726006,en
2159,1017639183064629249,en
2160,21865639,en
2161,1497948538155716936,en
2162,276590214,en
2163,1006654709325680641,en
2164,1247209492808228864,en
2165,1347253755381616640,en
2166,1608466783,en
2167,850088451781349376,en
2168,1331886541816270860,en
2169,1503563762644705291,en
2170,1358164295649951744,en
2171,983384210433105920,en
2172,143186751,en
2173,1197525256828641280,en
2174,1473352963401809922,en
2175,48079032,en
2176,36364025,en
2177,3053907965,en
2178,17094063,en
2179,1277724469184933892,en
2180,472073937,en
2181,1150869286560382976,en
2182,1333930762320613376,en
2183,63013144,en
2184,16299627,en
2185,1356526302090690560,en
2186,1138468170723942400,en
2187,1324452238077689857,en
2188,91150764,en
2190,331231402,en
2191,796388166,en
2192,352559037,en
2193,82970997,en
2194,1241197843655819264,en
2195,69085084,en
2196,5849252,en
2197,160507666,en
2198,1518594570669469696,en
2199,26650904,en
2200,2317351705,en
2201,1519380701442973698,en
2202,804218683413426177,en
2203,57854434,en
2204,83975981,en
2205,479667256,en
2206,1508922771417358337,en
2207,1292572062679068672,en
2208,1021021057,en
2209,870343165617819648,en
2210,1515089081704800256,en
2211,36892573,en
2212,15637634,en
2213,970140879393579009,en
2214,1287438601412907015,en
2215,19435618,en
2216,28617123,en
2217,2217125934,en
2218,807710489312722944,en
2219,1519305448310116356,en
2220,49321405,en
2222,823204602585776128,en
2223,751214924,en
2224,1518755315507945472,en
2225,898385010,en
2226,340681610,en
2227,273109557,en
2228,1444531678827974662,en
2229,1862202366,en
2230,1217899781760200705,en
2231,1259571155222040582,en
2232,803774113810677760,en
2233,171898033,en
2234,1313604785384427520,en
2235,1184291022689443841,en
2236,1183131308635148288,en
2237,1917731,en
2238,525994587,en
2239,1474091491404484610,en
2240,543016718,en
2241,1083827440403640320,en
2242,1355234296437456897,en
2243,1111940247322005505,en
2244,1242278924014333952,en
2245,64587566,en
2246,1270817324107550721,en
2247,1288199029654863872,en
2249,1104142243865214976,en
2250,23497646,en
2251,16440300,en
2252,272642967,en
2253,869416340620165121,en
2254,1043022887991431169,en
2255,26627106,en
2256,22011288,en
2257,2376193492,en
2258,2984982569,en
2259,1338892910549475330,en
2260,1508935799848509441,en
2261,197279172,en
2262,711692779,en
2263,1222590037881171973,en
2264,334944709,en
2265,1928325530,en
2266,882309239498309632,en
2268,981549221940727813,en
2269,45450889,en
2270,1476605906926374913,en
2271,797486203238875136,en
2272,1003363349831315456,en
2273,983521878307467265,en
2274,1489365159038570497,en
2276,829467819179900933,en
2277,8383592,en
2278,2436822039,en
2279,861277840020471808,en
2280,1441606041645424647,en
2281,1599266138,en
2282,245347370,en
2283,1417946932052430850,en
2284,1426168878523207681,en
2285,1394463446683553801,en
2286,2816097926,en
2287,758088028309127173,en
2288,26594974,en
2289,1427381350236053506,en
2290,1205475353013235712,en
2291,134226845,en
2292,1625814116,en
2293,1435666253172154368,en
2294,52223483,en
2295,953047800564080640,en
2296,18252291,en
2297,971099458837667841,en
2298,48325671,en
2299,1478066752823115784,en
2300,3352750990,en
2301,589535421,en
2302,970455306458288128,en
2303,1373074627,en
2304,1455761619296923654,en
2305,159681460,en
2306,1508472342124638209,en
2307,755930626566389760,en
2308,1283552715281399808,en
2309,854927496227282944,en
2310,263826460,en
2311,763260388750176256,en
2312,19168904,en
2313,1482046096977186818,en
2314,1198389638156697600,en
2315,1520155143706095617,en
2316,1492991124306219012,en
2317,1389560757289844737,en
2318,769201334054707201,en
2319,202973867,en
2320,4828505806,en
2321,1216929513227026432,en
2322,94021685,en
2323,2209370717,en
2324,1303733593630539776,en
2325,1322668328343736322,en
2326,1442364429027328003,en
2327,4065032417,en
2328,3068670085,en
2330,1360881781,en
2331,1231276706998235136,en
2332,17134268,en
2333,21692297,en
2334,31939688,en
2335,1384531372153376768,en
2336,1045553396206440448,en
2337,26000577,en
2338,4126056555,en
2339,231935116,en
2340,885127106530856962,en
2341,757783071504687104,en
2342,731624992647970816,en
2343,2875865857,en
2344,18245880,en
2345,1299885351692107776,en
2346,281283042,en
2347,20279986,en
2348,822660452987572224,en
2349,755593879987060738,en
2350,878364222,en
2351,1459018480343265304,en
2352,98506038,en
2353,1199850573622923265,en
2354,1420110169845944322,en
2355,2518211936,en
2356,1106001570582261760,en
2357,27364230,en
2358,818690,en
2359,1266369764026224640,en
2360,3229366502,en
2361,1480643836942692353,en
2362,1518635932756463618,en
2363,1399813173704904713,en
2364,1371109575391375360,en
2365,1458457698668892160,en
2366,1073237877457371136,en
2367,1444730484832063495,en
2368,1441996327559127049,en
2370,1072799641,en
2371,1150888455955722240,en
2372,46951436,en
2373,1065869268,en
2374,1516849052578627587,en
2375,348504159,en
2376,1352162415014719488,en
2377,1261115490857959425,en
2380,33234743,en
2381,46679779,en
2382,24320281,en
2383,982008386836459520,en
2384,358208178,en
2385,868579113354747904,en
2386,1435661643220807683,en
2387,2768557992,en
2388,1227670009020895232,en
2389,743236224639434752,en
2390,1518635688299663360,en
2391,836246884687568896,en
2392,1519081397222260736,en
2393,45564482,en
2394,132212777,en
2395,195271137,en
2396,1460018282065453063,en
2397,870720680416886785,en
2398,72362712,en
2399,1016482548065562624,en
2400,929850567417057280,en
2401,1482794855726264324,en
2402,1410399115591180288,en
2403,62096734,en
2405,516735105,en
2406,617557120,en
2407,342117543,en
2408,34664371,en
2409,1447340260522971141,en
2410,574811536,en
2411,2784463916,en
2412,1022159390848241665,en
2413,1365706220246548486,en
2414,1478876659612798984,en
2415,1108035253212454912,en
2416,40039077,en
2417,944231110166417408,en
2418,1495599239262576645,en
2419,1350752064041701380,en
2420,805747266858283008,en
2421,1480282555941371904,en
2422,833063324,en
2423,812481691985903616,en
2424,1515904830190981125,en
2425,109971901,en
2426,533548985,en
2428,71465080,en
2429,1481250462,en
2430,1298499970065215489,en
2431,791784222281400320,en
2432,4300099036,en
2433,736967318417248256,en
2434,1243454710205624321,en
2435,17136847,en
2436,1518688490212442112,en
2437,841951642014633984,en
2438,1519376342265085954,en
2439,821480006144626688,en
2440,23999515,en
2441,1317702902,en
2442,1372952553697185841,en
2443,1495545136486436864,en
2444,105947980,en
2445,412847692,en
2446,2271508746,en
2447,1358707901586620418,en
2448,788421988750598144,en
2449,1201497577998495745,en
2450,542962969,en
2451,500304616,en
2452,1392930541402533888,en
2454,798932221142790144,en
2455,1425752691494559746,en
2456,1026461628336926720,en
2457,826654342249840640,en
2458,16667591,en
2459,282691661,en
2461,373151147,en
2462,1377623690913910791,en
2463,60996086,en
2464,1456029233566949387,en
2465,16738576,en
2466,1497778605992013827,en
2467,701725963,en
2469,824692904694214656,en
2470,1702824810,en
2471,19788181,en
2472,27362857,en
2473,2167549219,en
2474,17143497,en
2475,788784474544898048,en
2476,1274627631581933570,en
2477,921251034,en
2478,759424266647502848,en
2479,2289781028,en
2481,1434291184537686017,en
2482,1234209411943415808,en
2483,1469202838962294784,en
2484,1110688758452666369,en
2485,47510453,en
2486,260634501,en
2487,16045566,en
2489,15166636,en
2490,704389982614642688,en
2491,2308777051,en
2492,40061315,en
2495,383547928,en
2496,525045172,en
2497,35256177,en
2498,978383302678605824,en
2499,85077850,en
2500,6446772,en
2501,24993506,en
2502,814209357827207168,en
2503,1517163666184884224,en
2504,268381487,en
2505,67863541,en
2506,544745847,en
2507,381308128,en
2508,85779821,en
2509,32496789,en
2510,1361770986647945217,en
2511,183900733,en
2512,304016733,en
2513,940876562,en
2514,38263299,en
2515,786310544386985985,en
2516,33135546,en
2517,1206431898,en
2518,1287330760534429696,en
2519,702311189506691072,en
2520,46260823,en
2521,733698339515027456,en
2522,976309396849512448,en
2523,1403181761660588038,en
2524,1587116570,en
2525,78170580,en
2526,1277430246262943744,en
2527,73219078,en
2528,17287840,en
2529,18522916,en
2530,23996800,en
2531,992812915823595521,en
2532,178001674,en
2533,519750535,en
2534,1237007896841461760,en
2535,1200330399102197761,en
2536,1379459635879542787,en
2537,1454799414162251778,en
2538,745284356630056960,en
2539,65707359,en
2540,103319385,en
2541,3964496659,en
2542,953862888028102656,en
2543,1441259844,en
2544,1444771194587201541,en
2545,1514854430276919300,en
2546,1306652975415222272,en
2547,469774154,en
2548,1522266748686381058,en
2549,3530404094,en
2550,442308698,en
2551,253088195,en
2552,1511451541093318660,en
2553,2761388315,en
2554,145431974,en
2555,1497215329369563137,en
2556,2717453584,en
2557,1450608810,en
2558,13752982,en
2559,215768927,en
2560,1497060744340279297,en
2561,1322947442891874304,en
2562,946344888,en
2563,1504996324265111558,en
2564,782603330,en
2565,23146502,en
2566,1288142310685859841,en
2567,16973333,en
2568,1519684973669793795,en
2569,1324096458925264896,en
2570,1425612968457379847,en
2571,26145597,en
2573,17906582,en
2574,1405924987295436809,en
2575,16116288,en
2576,151952692,en
2577,1155158785,en
2578,2749486029,en
2579,1246827285442945028,en
2580,918877690978959360,en
2581,759251,en
2582,1112444235037507584,en
2583,20627332,en
2585,707988291048579074,en
2586,1427996055140978688,en
2587,966072936540114945,en
2588,1267947933384638464,en
2589,382838181,en
2590,286566970,en
2591,25393191,en
2592,65922084,en
2593,896598352711876608,en
2594,15427417,en
2595,16170624,en
2596,897632879189962752,en
2597,1487952236890177538,en
2598,21531121,en
2599,1298450171152470016,en
2600,1328387331917803521,en
2601,248820485,en
2602,2185385552,en
2603,53547099,en
2604,357243501,en
2605,1520388807916462082,en
2606,1484957910,en
2607,1454166487841734658,en
2608,1428793670879399938,en
2609,21551022,en
2610,2607912452,en
2611,824330108324327424,en
2612,32683846,en
2613,706209304378896384,en
2615,267978965,en
2616,871207418,en
2617,1521175879682076672,en
2618,876178359151083521,en
2619,1512487559976390662,en
2620,1518764565885902852,en
2621,17309068,en
2622,2613385668,en
2623,1006693802,en
2624,25768175,en
2625,1484288960625008640,en
2626,269803533,en
2627,18337740,en
2628,767734864242216964,en
2629,1523682699495583746,en
2630,1496609998541139971,en
2631,1445125674461810701,en
2632,617941747,en
2633,244313779,en
2634,253656666,en
2635,1411195280045875203,en
2636,387381687,en
2637,91416928,en
2638,444413424,en
2639,3232804748,en
2640,1426670768881025024,en
2641,30701862,en
2642,1224736001031131137,en
2643,99833187,en
2645,1212465132300750848,en
2646,1518772509289578496,en
2647,1405655922169434114,en
2648,1429688809,en
2650,1453356142260891655,en
2651,618124370,en
2652,2905265449,en
2653,16585644,en
2654,1013614386269835264,en
2655,1009189206483034112,en
2656,1316099296161419264,en
2657,1522692286366339073,en
2658,1402621621492355073,en
2659,247973359,en
2660,2568312226,en
2661,2316246829,en
2662,267781885,en
2663,1500217756293025798,en
2664,1483571414435307524,en
2665,296647283,en
2666,3093451835,en
2667,1382748188382154753,en
2668,1516816238999126016,en
2669,1322719154806415362,en
2670,385732310,en
2671,52754791,en
2672,1289309969708457985,en
2673,252348643,en
2674,1347180089289543682,en
2675,1067899048609398785,en
2676,1268586547,en
2677,875480206768779265,en
2678,2939211679,en
2680,1272186602794684416,en
2681,19417492,en
2682,1518685652644151297,en
2683,2259730472,en
2685,469194846,en
2686,1516835977645416454,en
2687,37324203,en
2688,106729990,en
2689,1284678248539070466,en
2690,2801979239,en
2691,1361483463946289153,en
2692,759936890,en
2693,443401922,en
2694,291062420,en
2695,33554565,en
2696,1036441857507635201,en
2697,1204802087692963847,en
2698,1312272035268173825,en
2699,15170286,en
2700,944237989,en
2701,1243163687931842560,en
2702,44978716,en
2703,1513553255967576066,en
2704,2864760394,en
2705,768128209116364801,en
2706,1280497598957314049,en
2707,1033325700,en
2708,851763428,en
2709,1460693678087938060,en
2710,1377761386340696064,en
2711,21776701,en
2712,853429465,en
2713,1439802110078488576,en
2714,425189106,en
2715,1519908893173764096,en
2716,1241189154203095043,en
2717,1007675519847059456,en
2718,1384720481710977026,en
2719,107301238,en
2720,1146950892895330304,en
2721,1518787663289106433,en
2722,127362318,en
2723,2656540808,en
2724,10112392,en
2725,1397958355520569345,en
2726,746377806754394116,en
2727,984375832230719488,en
2728,1078522241933922305,en
2729,1492333096049467416,en
2730,1487482799804149761,en
2731,1636428104,en
2732,2189224242,en
2733,1511547884998574081,en
2734,40054136,en
2735,94207819,en
2736,1211487099414704128,en
2737,152678938,en
2738,96859172,en
2739,1449403862712872961,en
2740,1256610709271535616,en
2741,943950643,en
2742,16316391,en
2743,3431806564,en
2744,779010066531753984,en
2745,107519872,en
2746,632495485,en
2747,1352346516887920640,en
2748,10371822,en
2749,1151119379959934977,en
2750,574669541,en
2751,1352206511523713030,en
2752,710162196706136064,en
2753,735686855136444417,en
2754,1268633893898502146,en
2755,14564016,en
2756,18557253,en
2757,972310451940986880,en
2758,886398296146706432,en
2759,1506276331117596672,en
2760,124062087,en
2761,43094524,en
2762,1913026014,en
2763,1899275323,en
2764,542872019,en
2765,1520460274318385152,en
2766,1286675596311965697,en
2767,1465693380227207169,en
2768,1350308824545189889,en
2769,1440042247605538820,en
2770,846490086,en
2771,3267456386,en
2772,4062068511,en
2773,2362712023,en
2774,1493312184,en
2775,866852674699841536,en
2776,2613060810,en
2777,1496618939547279366,en
2778,118200525,en
2779,80483638,en
2781,2849285005,en
2782,1505818061894467586,en
2783,1251989186862866433,en
2784,457892575,en
2785,1410281052946325505,en
2786,1514924002350821379,en
2787,797093564916387840,en
2788,2183551628,en
2789,826916257207304192,en
2790,730471677377839105,en
2791,575711333,en
2793,502424756,en
2794,1257754697412292609,en
2795,102737967,en
2796,74600899,en
2797,25355799,en
2798,628714150,en
2799,303920056,en
2800,1519126537483657216,en
2801,377583661,en
2802,1316862031,en
2803,1034401872969433088,en
2804,1450870463899443203,en
2805,867077976210513920,en
2806,849139912817467392,en
2808,1352024826,en
2809,27869306,en
2810,747638475248275456,en
2811,1251189418205085698,en
2812,928357269003149312,en
2813,804915007,en
2814,2230257426,en
2815,3424776514,en
2816,1495443401721974788,en
2817,15692750,en
2818,1518699476000587777,en
2819,626907843,en
2820,16086928,en
2821,1873158624,en
2822,1347927203825164288,en
2823,965694944567611394,en
2824,784543960161288197,en
2825,334851185,en
2826,1514740994285178889,en
2827,1426050866142978048,en
2828,1154408158468726790,en
2829,51330975,en
2830,1519531752292769794,en
2831,2795495198,en
2832,1462494306980171778,en
2833,896511427,en
2834,808655778928357376,en
2835,784238905683959808,en
2836,330826792,en
2837,991553533706092544,en
2838,379422417,en
2839,17609350,en
2840,807219973932388356,en
2841,947744052,en
2842,187251089,en
2844,17784669,en
2845,541878477,en
2846,629084145,en
2847,1420397622125219843,en
2848,1153493183952822273,en
2849,19014211,en
2850,20951820,en
2851,517374657,en
2852,1308403934638333952,en
2853,967183736910442496,en
2854,497485641,en
2855,59793861,en
2856,985745819788693504,en
2857,1505653758180659207,en
2858,940382143234084865,en
2859,1383197211320848386,en
2860,1050538299314425858,en
2861,1165261306967887872,en
2862,1227107329809608705,en
2864,2347912772,en
2865,1053236226,en
2866,713293034,en
2868,162848363,en
2869,1518714084383993858,en
2870,783492274973925377,en
2871,1509308488014614535,en
2872,883641278465847296,en
2873,417526634,en
2874,109659118,en
2875,1317668845654454273,en
2876,18917882,en
2877,1261788817033293825,en
2878,1518622862600511488,en
2879,525721057,en
2880,16989464,en
2881,33630984,en
2882,890306661918920704,en
2883,1485257629882540033,en
2885,1434275299471110146,en
2886,18950944,en
2887,1519092104332423168,en
2888,1249779941253750791,en
2889,46773780,en
2890,53581284,en
2891,1434653530120462345,en
2892,1050855031564627968,en
2893,197654380,en
2894,29316995,en
2895,861688736031100930,en
2896,1241375010536767489,en
2897,1436447081841954817,en
2898,2375936144,en
2899,1492316540271833090,en
2901,1192159206,en
2903,1486469064230850561,en
2904,621944705,en
2905,1271692965031936000,en
2906,181039052,en
2907,2189267845,en
2908,242104229,en
2909,18742360,en
2910,3977520803,en
2911,3161520110,en
2912,817895628328017926,en
2913,19296707,en
2914,1275961872110493698,en
2915,1499057185283874829,en
2916,14412533,en
2917,824722215979646980,en
2918,1470426762723184649,en
2919,821127804372787201,en
2920,1448018712628432899,en
2921,1443984060276252680,en
2923,1205602051897667584,en
2924,1528371428,en
2925,1520155785501761536,en
2926,194400519,en
2927,1324019454834073600,en
2928,1489612199651950594,en
2929,1519507375052447744,en
2930,1519038882569981952,en
2931,1339179738,en
2932,916670782914297857,en
2933,2272580130,en
2934,1498335487802630152,en
2935,354742546,en
2936,86171027,en
2937,2291569946,en
2938,971401388860243970,en
2939,4898986229,en
2940,1228467159707213824,en
2941,2219802108,en
2942,121388691,en
2943,16201679,en
2944,1436925968,en
2945,167554949,en
2946,800591076457222144,en
2947,87481220,en
2948,1270527627154112517,en
2949,574608880,en
2950,274812764,en
2951,1275478883769384961,en
2952,1433518854,en
2953,2470267986,en
2954,1517954399292829696,en
2955,885516405843533825,en
2956,1060566282679042050,en
2957,131365482,en
2958,1444718918459817984,en
2959,1437437816104001536,en
2960,456794981,en
2961,3279862494,en
2962,126327405,en
2963,2777611370,en
2964,1709590752,en
2965,29442313,en
2966,2303565799,en
2967,35372877,en
2968,19505001,en
2969,422099913,en
2970,107162153,en
2971,268751347,en
2972,14211199,en
2973,1106624578061688832,en
2974,1203391403780452352,en
2975,1429288450654494722,en
2976,222903147,en
2977,44513878,en
2978,1518616709099401220,en
2979,1519426469969100803,en
2980,783746267222462464,en
2981,1464598494455468035,en
2982,997931370,en
2983,19629840,en
2984,1019299672026898432,en
2985,1306667255292452864,en
2986,864839694827143168,en
2987,796377107148447744,en
2988,373209073,en
2989,719579724763283456,en
2990,1456113791268163584,en
2991,308765071,en
2992,1234907509862866949,en
2993,2544914191,en
2994,1511362037443670020,en
2995,1005144558,en
2996,1518665776324038658,en
2998,1386925323950850048,en
2999,242175469,en
3000,99124557,en
3001,1149262585,en
3002,916032097327865856,en
3003,1486437898744315905,en
3004,1316406227908194306,en
3005,4877620060,en
3006,260335091,en
3007,1252850850,en
3008,561516199,en
3009,1396070093076013060,en
3010,1167202523330969601,en
3011,2157664855,en
3012,1161474144258744321,en
3013,1769646126,en
3014,52383667,en
3017,26258900,en
3018,1512640023857750019,en
3019,1278355421804351489,en
3020,1514962452466786311,en
3021,32013608,en
3022,1472592902643666955,en
3023,1157533754723667969,en
3024,1319430445,en
3025,1523698885507624960,en
3026,1518835908082077698,en
3027,1487144083877339139,en
3028,1471624068264771584,en
3029,318733535,en
3030,30929763,en
3031,1074735235755954177,en
3032,1178783728807620615,en
3033,2901984764,en
3034,731035650,en
3035,1248316804214054918,en
3036,56746540,en
3037,1267311228285665280,en
3038,281187576,en
3039,917820737028804608,en
3041,1815191,en
3042,98812136,en
3045,221973367,en
3046,1046263475838681088,en
3047,16248357,en
3048,71151394,en
3049,2908965346,en
3050,275911334,en
3051,1949367794,en
3052,1044613969535733761,en
3053,2832739408,en
3054,1462877253575004169,en
3055,1767741,en
3056,16664681,en
3057,742362534171291648,en
3058,19881056,en
3059,17938722,en
3060,1522293492671733761,en
3061,20998003,en
3062,17559997,en
3063,148084997,en
3064,1058341672793321473,en
3065,1204219419859308544,en
3066,1103902793721507841,en
3067,1239816378036760576,en
3068,252429898,en
3069,1275536700018573312,en
3071,1464640348924358665,en
3072,431182108,en
3074,1147089496875393026,en
3075,311695221,en
3076,1361108922296377345,en
3077,822824095616114688,en
3078,14948508,en
3079,1522956836189708288,en
3080,814121478,en
3081,885363177227210752,en
3082,1270429215716970497,en
3083,123187821,en
3084,31345344,en
3086,703338615552643072,en
3087,1306457935,en
3088,27697345,en
3089,1355218452,en
3090,1080148126202236930,en
3091,1497259234928562181,en
3092,2432233423,en
3093,1176668927407079426,en
3095,1237130508640964608,en
3096,1518921334578892800,en
3097,895041286666932224,en
3098,2474945594,en
3099,1243930993259679744,en
3100,1484256247713042432,en
3101,1162534010,en
3103,15993931,en
3104,954403505103626240,en
3105,4862762302,en
3106,1973943858,en
3107,4099492452,en
3108,1521911920932147200,en
3109,4560685828,en
3110,4850266394,en
3111,1580127061,en
3112,134587656,en
3113,1005068565840572416,en
3114,1518995201431330818,en
3115,1352395017697026049,en
3116,34359976,en
3118,1305220768746283008,en
3119,700748230,en
3120,46672838,en
3121,807629236785684480,en
3123,1523626613744746496,en
3124,781857175,en
3125,192690626,en
3126,1311019501283090432,en
3127,1499278248169152513,en
3128,604586168,en
3129,15333918,en
3130,267287618,en
3131,1355273841367523328,en
3132,2940260259,en
3133,760157915822985217,en
3134,1423531074,en
3135,1383084602571464707,en
3136,2512824441,en
3137,1521345325176401920,en
3138,728675267699412994,en
3139,34677788,en
3140,1519264421218070529,en
3141,19370966,en
3142,195739803,en
3143,2462436925,en
3144,1129823734158827521,en
3145,752920506484027394,en
3146,8862532,en
3147,110356828,en
3148,830283595231014914,en
3149,69665059,en
3150,2230843632,en
3151,1481660137,en
3152,1306654589924659207,en
3153,52434837,en
3154,1173922869132386304,en
3155,1255609501954310150,en
3156,425268743,en
3157,1131549023578546176,en
3158,863308596,en
3159,1172729161691074560,en
3160,2167340796,en
3161,1310008926046388224,en
3162,490905339,en
3163,829643850,en
3164,801036187,en
3165,1513978977878429696,en
3166,17741395,en
3167,1515128955816267777,en
3168,458788764,en
3169,247432690,en
3170,864487498935787520,en
3171,1521926310440108033,en
3172,385162111,en
3173,1492991777883795458,en
3174,31766889,en
3175,1075920235008573440,en
3176,4851876860,en
3177,1430330637592907777,en
3179,1160569441828122624,en
3180,321759816,en
3181,1381971379491340288,en
3182,1221297222123315200,en
3183,3343391475,en
3184,1221989906223898624,en
3185,1215371,en
3186,9510642,en
3187,47086949,en
3188,365762710,en
3189,17918065,en
3190,22733268,en
3192,20245031,en
3193,1248277962509684736,en
3195,2905752398,en
3196,932315271372726272,en
3197,1913593928,en
3198,398426177,en
3199,1039936018366058499,en
3200,1522814023741460480,en
3201,966049285,en
3202,1050800844210204672,en
3203,1489018802268475392,en
3204,1522842305740300288,en
3205,253900741,en
3206,20776597,en
3207,21780006,en
3208,1515060661965017108,en
3209,1289721217398833152,en
3210,35257549,en
3211,4745889662,en
3212,17668645,en
3213,181219965,en
3214,311129949,en
3215,1362396107985281031,en
3216,55925162,en
3217,391510140,en
3220,1521119940463497219,en
3221,62580143,en
3222,1935035425,en
3223,1450006598,en
3224,17132398,en
3225,17404218,en
3226,19612749,en
3227,15783618,en
3229,1319307481,en
3230,2411527424,en
3231,125868119,en
3232,8897,en
3235,1033180166,en
3236,1519477551277637633,en
3237,1722009606,en
3238,551448861,en
3239,874439532229181440,en
3240,123304172,en
3241,225985524,en
3242,2382803208,en
3243,301857046,en
3244,1367162508805615617,en
3245,1281305967406256129,en
3246,976331074237321216,en
3247,1377031946102992896,en
3248,2998480686,en
3249,1514646469306945544,en
3250,551955857,en
3251,1522233373686706177,en
3252,631415668,en
3253,1262779038281740288,en
3255,336538561,en
3256,1466893324204199940,en
3257,9542972,en
3258,1432758665564524551,en
3260,1225170292332384256,en
3261,1008901616534282240,en
3262,936259546456006656,en
3263,1679433878,en
3264,1294655585158225920,en
3265,15637387,en
3266,1173075144014794753,en
3267,35824016,en
3268,964190420556279808,en
3269,2479242090,en
3270,1490738128927219715,en
3271,15615730,en
3272,1523157528993058816,en
3273,3309755041,en
3274,2616284286,en
3275,2876411933,en
3276,28589580,en
3277,1370366812546809859,en
3278,2271182186,en
3279,1736013541,en
3280,811209924470538240,en
3282,284282160,en
3283,1341815753335566336,en
3284,91712955,en
3285,1358408804,en
3286,1276309263405789185,en
3287,604689730,en
3288,1363113288461127681,en
3289,1152767784,en
3290,1273044471337361413,en
3291,1263821518007603201,en
3292,21014172,en
3293,2784583437,en
3294,1491903435586916353,en
3295,1443899224027017218,en
3296,2264657894,en
3297,1486644029580271621,en
3298,1522442260859785218,en
3299,1084480554999922688,en
3300,994242738676789249,en
3301,1257691427594739713,en
3302,825602032039964672,en
3303,15147510,en
3304,1692189398,en
3305,1511375689366319105,en
3306,22194895,en
3307,1519443673297084417,en
3308,22187085,en
3309,1523473155939090433,en
3310,1423737004395831303,en
3311,52508863,en
3312,1525694971,en
3313,27649741,en
3315,1521247516171325440,en
3316,2577031452,en
3317,1486346703825510400,en
3318,3054519933,en
3319,1485477704866664449,en
3320,1216942552097656832,en
3321,1434661109542408196,en
3322,715926954,en
3323,3169005786,en
3324,1289030045365940227,en
3325,906975390400356352,en
3326,352345125,en
3327,1121462906124742659,en
3328,95789252,en
3329,790546093,en
3330,2976653309,en
3331,17882795,en
3332,20932641,en
3333,146160591,en
3334,3106373895,en
3335,985575963277721600,en
3336,574006706,en
3337,16531704,en
3338,2186393136,en
3339,1396674310320889858,en
3340,1231348024728748032,en
3341,1489767907924004869,en
3342,263365424,en
3343,1324926274888888320,en
3344,1519459401496629249,en
3345,748548517644361732,en
3346,913157632604737536,en
3347,17526930,en
3348,1935432421,en
3349,1021415351958081536,en
3350,108344620,en
3351,3345427631,en
3352,20455625,en
3353,64343037,en
3354,2309195006,en
3355,1002956222453121024,en
3356,1224186362611544064,en
3357,1519005260748148736,en
3358,2183252126,en
3359,381307407,en
3360,1636181486,en
3361,43934389,en
3363,1503546934757404678,en
3364,1275064998251790337,en
3365,538586326,en
3366,1200091774380843008,en
3367,983884592934477824,en
3368,198193231,en
3369,344075523,en
3370,176612227,en
3371,474116745,en
3372,522111648,en
3373,1458973117406228483,en
3374,872775902,en
3375,601863431,en
3376,1190491312790749185,en
3377,545125937,en
3379,474281577,en
3380,205294361,en
3381,1363155850001530880,en
3382,1511472789596737540,en
3383,1069988866789126144,en
3384,716017105,en
3385,95250102,en
3386,991901162,en
3387,1147923597450604544,en
3388,1519079711615377409,en
3389,621334309,en
3390,1364693976578748422,en
3391,833080577582624768,en
3392,1387143248465047554,en
3393,1519369212765954048,en
3394,598817815,en
3395,26028938,en
3396,15183236,en
3397,2935187277,en
3398,1102278264792461312,en
3399,27221154,en
3400,599357613,en
3401,2985771922,en
3402,1327280152577978368,en
3403,1238568478690476032,en
3404,910987115676274689,en
3405,403593122,en
3406,15587639,en
3407,1349894574324506628,en
3408,341249661,en
3409,989861558351212544,en
3410,17566400,en
3411,469582871,en
3413,1059160400,en
3414,211011812,en
3415,1499780014086270978,en
3416,1146842060256882688,en
3417,1961210053,en
3418,17180761,en
3419,13877002,en
3420,1328423212041052164,en
3421,2216984384,en
3422,17072129,en
3423,4530390623,en
3424,738730947688960000,en
3425,22650211,en
3426,208133682,en
3427,1508452729424953348,en
3428,188459540,en
3429,1466078019617902596,en
3430,756475901731221504,en
3431,1355751982905044992,en
3432,1343040993348739073,en
3433,1329878034,en
3434,20343773,en
3435,11763132,en
3437,535681746,en
3439,30014886,en
3440,2205715914,en
3441,975443027694043136,en
3442,24096463,en
3443,15346681,en
3444,1386707285674586120,en
3445,165298304,en
3446,984826417463644161,en
3447,1510671604660985856,en
3448,325034006,en
3449,587658361,en
3450,19767323,en
3451,955521634932203520,en
3452,565589984,en
3453,1400157180561666054,en
3454,430089879,en
3455,18817776,en
3456,902719255959015429,en
3457,1036759329934897154,en
3458,1521853754735308800,en
3459,38631842,en
3460,2607885215,en
3461,895029641014063105,en
3462,1472371170758512653,en
3463,1356013993341685763,en
3464,24889796,en
3465,1511704414029025280,en
3466,164681956,en
3467,47524105,en
3468,22563973,en
3469,34093672,en
3470,1399366675141730306,en
3471,2227224211,en
3472,1518950551450439685,en
3473,4830392379,en
3474,844450674,en
3475,1247874902,en
3476,21396097,en
3477,22529203,en
3478,3401967448,en
3479,1502664630790930432,en
3480,895347978126446592,en
3481,439312004,en
3482,785949447813423104,en
3483,352441927,en
3484,45413839,en
3485,816354391880040450,en
3486,2699405790,en
3487,845353070775025664,en
3488,1496642329,en
3489,1649228065,en
3490,2986318238,en
3491,17342214,en
3492,1518967357347147777,en
3493,1291566708839374848,en
3494,3372033672,en
3495,1513663576325697539,en
3496,986847324067344384,en
3497,1071995403141349377,en
3498,1516804210351820803,en
3499,1411753617825148929,en
3500,740639016,en
3501,494614969,en
3502,374284455,en
3503,38779635,en
3504,1300214208743661569,en
3505,1362895009,en
3506,2330862014,en
3507,58961738,en
3508,733856701846278144,en
3509,1519031141151428611,en
3510,101902582,en
3511,1135257285092093953,en
3512,1497776567359000581,en
3513,1366928207849484291,en
3514,1231830520444571649,en
3515,1452373285015011336,en
3516,1512041313620963334,en
3517,896148452,en
3518,92270363,en
3519,4909522369,en
3520,1518943691032997889,en
3521,54890497,en
3522,882297955520319488,en
3523,2887966823,en
3524,2423048953,en
3525,1518730377774481413,en
3526,1301720965,en
3527,1952726300,en
3528,571765939,en
3529,1484219101086158856,en
3530,3340747512,en
3531,3432862452,en
3532,732952654805127169,en
3533,1418935601416609807,en
3534,1095728181313716224,en
3535,16158692,en
3536,130607739,en
3537,619553856,en
3538,463506232,en
3539,850464331603075072,en
3540,959224042137047040,en
3541,1521694060347420673,en
3542,1229166432,en
3543,1453530215842336771,en
3544,1496264858366619650,en
3545,3840412332,en
3546,1496732786316693509,en
3547,1372582151074496517,en
3548,740850751,en
3549,600265360,en
3550,1058154466812354561,en
3551,800707492346925056,en
3552,1019282983117819904,en
3553,1392915035953893376,en
3554,146846407,en
3555,1034872874157400065,en
3556,219717040,en
3557,1445790328309436427,en
3558,534907353,en
3559,1477365208767156225,en
3560,20963813,en
3561,46460967,en
3562,2776040782,en
3563,1145310956,en
3564,1339289588557377538,en
3566,1402674750741172228,en
3567,919667724535648262,en
3568,1405614387163971587,en
3569,382295253,en
3570,4241528892,en
3571,390915898,en
3572,1108822270313721860,en
3573,919861748,en
3575,18738555,en
3576,1318563140636975104,en
3577,1244663153872560129,en
3578,219797275,en
3579,1467854528988942339,en
3580,17394475,en
3581,1389016593317912581,en
3582,561163046,en
3583,1178663736288120835,en
3584,1352735428726632449,en
3585,1475544778716635144,en
3586,32633111,en
3587,1369094576095498241,en
3588,1630896181,en
3589,1519378150463094787,en
3590,2733091570,en
3591,20517132,en
3592,356151714,en
3593,873506911,en
3594,171827825,en
3595,17126695,en
3596,306331399,en
3597,14721530,en
3598,349936333,en
3599,1175074274379481088,en
3600,1496871920775700481,en
3601,23012995,en
3602,2821256387,en
3603,3014175470,en
3604,756505513936900097,en
3605,409540106,en
3606,1262014250064764928,en
3607,2150247721,en
3608,38567748,en
3609,1324937044364242944,en
3610,1351963082940039169,en
3611,2905369666,en
3612,1494135689721569280,en
3613,15138217,en
3615,1518770862010241024,en
3616,1118151594351239168,en
3617,1389860948,en
3618,1108022848734539776,en
3619,159230211,en
3620,24204144,en
3621,1330915202100043781,en
3622,44452283,en
3623,48818194,en
3624,2860583242,en
3625,334505800,en
3626,1267881418576867329,en
3627,5721872,en
3628,19077401,en
3629,1397214700472082441,en
3630,1519651059169382400,en
3632,109477170,en
3633,2941305993,en
3634,1154192584635551744,en
3635,1375919348875886598,en
3636,15919583,en
3637,1521467401958834176,en
3638,1454799872742338565,en
3639,46520074,en
3641,2598000222,en
3642,7540792,en
3643,27495600,en
3644,768645597553319936,en
3645,1254930886325346304,en
3646,1247549077,en
3647,15683363,en
3648,1522968883493097472,en
3649,1513190663902294020,en
3650,1282405036098650112,en
3651,1111882164130537473,en
3652,583117972,en
3653,500105914,en
3654,55078125,en
3655,104294199,en
3656,1658463018,en
3657,284892452,en
3658,217567575,en
3659,4864075228,en
3660,814492399925948416,en
3661,1240034964,en
3662,781490623865991169,en
3663,2820465451,en
3664,1209847908633198592,en
3665,1519071763933540353,en
3666,805498327055945728,en
3667,1400636698980143106,en
3668,349362141,en
3669,26044686,en
3670,309132445,en
3671,1252937499778912256,en
3672,1488362300281131011,en
3673,15923818,en
3674,1519353932958470145,en
3675,14108060,en
3676,1389673622994837515,en
3677,632595525,en
3678,1168883105454858240,en
3679,435199092,en
3680,1407786693869113352,en
3681,1353060263721754626,en
3682,78627445,en
3683,789970734303088645,en
3685,22816728,en
3686,1520111119939117058,en
3687,984245314369486849,en
3688,1455007147490779140,en
3689,42321221,en
3690,214110964,en
3691,1519838679161884672,en
3692,1523688461701550080,en
3693,622066615,en
3694,1260432365995900928,en
3695,1519358438374998016,en
3696,3989594716,en
3697,136787800,en
3698,14394076,en
3699,126456661,en
3700,293768205,en
3701,3385154704,en
3702,990291481960251393,en
3703,3069279631,en
3704,100413913,en
3705,1454567856482492421,en
3706,1476613355704098821,en
3707,29458079,en
3708,4173551661,en
3709,1329628530859253763,en
3710,279384356,en
3711,988096477632319488,en
3712,1114692950473281536,en
3713,1427406304541351941,en
3714,1213292590293909504,en
3716,1091715396829413379,en
3718,1516073632929394692,en
3719,1031827663,en
3722,25994993,en
3723,1964124006,en
3724,764071786858307584,en
3725,1518953577464668160,en
3726,1511859111113207810,en
3727,1419711480061210628,en
3728,1363251698,en
3729,1316936961811189763,en
3731,1151924570498187264,en
3732,257968813,en
3733,758114193895665664,en
3734,844171206,en
3735,764299266751811584,en
3736,849652218378715136,en
3737,411054919,en
3738,275230032,en
3739,15868278,en
3740,16229885,en
3741,1468629200181633024,en
3742,2176046582,en
3743,3535896256,en
3744,81914432,en
3746,1235942943225085952,en
3747,890653225430528005,en
3748,1497058485422411777,en
3749,1378082839862804480,en
3750,336002320,en
3751,621122011,en
3752,1020564176,en
3753,1061475000,en
3754,1337280942184878080,en
3755,1154215243427528709,en
3756,1020635724,en
3757,3270255866,en
3758,975184969,en
3759,136442267,en
3760,1198000188125827072,en
3761,739549724,en
3762,728339899326156800,en
3763,24725278,en
3764,266580278,en
3765,3035021988,en
3766,1518691034116546562,en
3767,1503748168185430024,en
3768,20392809,en
3769,1500201827278770179,en
3770,911747503837650944,en
3771,1176641216693227522,en
3772,1348353903306305543,en
3773,106470694,en
3774,177492155,en
3775,14862668,en
3776,940385118031679494,en
3777,618139364,en
3778,1343187652451966977,en
3779,281769495,en
3780,14827461,en
3781,76030793,en
3782,212172770,en
3783,58479641,en
3784,33764296,en
3785,1478435427044323334,en
3786,1068394169692024832,en
3787,1390833635117441024,en
3788,1336703498709295104,en
3789,1325329852384256005,en
3790,14988171,en
3791,1385205282406555650,en
3792,462534375,en
3793,2173051896,en
3794,882980139453210624,en
3795,1267097693148663809,en
3796,39860717,en
3797,898943077,en
3798,2321561251,en
3799,1270344490163867648,en
3800,1384392733188509696,en
3801,1075934529423097857,en
3802,253661361,en
3803,1328425008641740801,en
3804,75498389,en
3805,1326342524596674561,en
3806,400421942,en
3807,436158763,en
3808,261985974,en
3809,1512218749033750533,en
3810,958724508,en
3811,179695546,en
3812,244368526,en
3813,167761519,en
3814,89351501,en
3815,816478436835393536,en
3817,1159963106878976000,en
3818,1430787160966324226,en
3820,407379007,en
3822,829184878570827777,en
3823,605977728,en
3824,1459227002481877004,en
3825,803375866189381632,en
3826,820285218129068032,en
3827,23779690,en
3829,295710814,en
3830,716636186,en
3831,1414335511448203269,en
3832,251895181,en
3833,21953248,en
3834,869763212190797824,en
3835,968581858404585478,en
3836,3152491948,en
3837,2704836470,en
3838,1028802847641677824,en
3839,336160087,en
3840,866637541,en
3841,943170877071470592,en
3842,366822626,en
3843,1212262023712497664,en
3844,1155590942000209920,en
3845,252116932,en
3846,707273903006068736,en
